﻿<?xml version="1.0" encoding="utf-8"?>

<helpItems xmlns="http://msh" schema="maml">

<command:command xmlns:maml="http://schemas.microsoft.com/maml/2004/10" xmlns:command="http://schemas.microsoft.com/maml/dev/command/2004/10" xmlns:dev="http://schemas.microsoft.com/maml/dev/2004/10">
<!--Generated by Help Cmdlet Editor-->
	<command:details>
		<command:name>Get-SvnBlame</command:name>
		<maml:description>
			<maml:para></maml:para>
		</maml:description>
		<maml:copyright>
           <maml:para />
		<!--Add copy right info here.-->
		</maml:copyright>
		<command:verb>Get</command:verb>
		<command:noun>SvnBlame</command:noun>
		<!--Add Dev version info here.-->
		<dev:version />
	</command:details>
	<maml:description>
	<!--This is the Description section-->
		<maml:para></maml:para>
	</maml:description>
	<command:syntax>		<command:syntaxItem>
			<maml:name>Get-SvnBlame</maml:name>
			<command:parameter required = "false" variableLength = "false" globbing = "false" pipelineInput = "false" position = "named" >
				<maml:name>Start</maml:name>
				<maml:description>
					<maml:para></maml:para>
				</maml:description>
			<command:parameterValue required="true" variableLength = "false" >SvnRevision</command:parameterValue>
			</command:parameter>
			<command:parameter required = "false" variableLength = "false" globbing = "false" pipelineInput = "false" position = "named" >
				<maml:name>End</maml:name>
				<maml:description>
					<maml:para></maml:para>
				</maml:description>
			<command:parameterValue required="true" variableLength = "false" >SvnRevision</command:parameterValue>
			</command:parameter>
			<command:parameter required = "false" variableLength = "false" globbing = "false" pipelineInput = "false" position = "named" >
				<maml:name>IncludeMergedRevisions</maml:name>
				<maml:description>
					<maml:para></maml:para>
				</maml:description>
			<command:parameterValue required="false" variableLength = "false" >Boolean</command:parameterValue>
			</command:parameter>
			<command:parameter required = "false" variableLength = "false" globbing = "false" pipelineInput = "false" position = "named" >
				<maml:name>IgnoreMimeType</maml:name>
				<maml:description>
					<maml:para></maml:para>
				</maml:description>
			<command:parameterValue required="false" variableLength = "false" >Boolean</command:parameterValue>
			</command:parameter>
			<command:parameter required = "false" variableLength = "false" globbing = "false" pipelineInput = "false" position = "named" >
				<maml:name>IgnoreLineEndings</maml:name>
				<maml:description>
					<maml:para></maml:para>
				</maml:description>
			<command:parameterValue required="false" variableLength = "false" >Boolean</command:parameterValue>
			</command:parameter>
			<command:parameter required = "false" variableLength = "false" globbing = "false" pipelineInput = "true (ByValue, ByPropertyName)" position = "1" >
				<maml:name>Target</maml:name>
				<maml:description>
					<maml:para></maml:para>
				</maml:description>
			<command:parameterValue required="true" variableLength = "false" >String</command:parameterValue>
			</command:parameter>
			<command:parameter required = "false" variableLength = "false" globbing = "false" pipelineInput = "false" position = "named" >
				<maml:name>Credential</maml:name>
				<maml:description>
					<maml:para></maml:para>
				</maml:description>
			<command:parameterValue required="true" variableLength = "false" >ICredentials</command:parameterValue>
			</command:parameter>
		</command:syntaxItem>
	</command:syntax>
	<command:parameters>
		<command:parameter required="false" variableLength="false" globbing="false" pipelineInput="false" position="named">
			<maml:name>Start</maml:name>
			<maml:description>
				<maml:para></maml:para>
			</maml:description>
			<command:parameterValue required="true" variableLength="false">SvnRevision</command:parameterValue>
			<dev:type>
				<maml:name>SvnRevision</maml:name>
				<maml:uri/>
			</dev:type>
			<dev:defaultValue></dev:defaultValue>
		</command:parameter>
		<command:parameter required="false" variableLength="false" globbing="false" pipelineInput="false" position="named">
			<maml:name>End</maml:name>
			<maml:description>
				<maml:para></maml:para>
			</maml:description>
			<command:parameterValue required="true" variableLength="false">SvnRevision</command:parameterValue>
			<dev:type>
				<maml:name>SvnRevision</maml:name>
				<maml:uri/>
			</dev:type>
			<dev:defaultValue></dev:defaultValue>
		</command:parameter>
		<command:parameter required="false" variableLength="false" globbing="false" pipelineInput="false" position="named">
			<maml:name>IncludeMergedRevisions</maml:name>
			<maml:description>
				<maml:para></maml:para>
			</maml:description>
			<command:parameterValue required="false" variableLength="false">Boolean</command:parameterValue>
			<dev:type>
				<maml:name>Boolean</maml:name>
				<maml:uri/>
			</dev:type>
			<dev:defaultValue></dev:defaultValue>
		</command:parameter>
		<command:parameter required="false" variableLength="false" globbing="false" pipelineInput="false" position="named">
			<maml:name>IgnoreMimeType</maml:name>
			<maml:description>
				<maml:para></maml:para>
			</maml:description>
			<command:parameterValue required="false" variableLength="false">Boolean</command:parameterValue>
			<dev:type>
				<maml:name>Boolean</maml:name>
				<maml:uri/>
			</dev:type>
			<dev:defaultValue></dev:defaultValue>
		</command:parameter>
		<command:parameter required="false" variableLength="false" globbing="false" pipelineInput="false" position="named">
			<maml:name>IgnoreLineEndings</maml:name>
			<maml:description>
				<maml:para></maml:para>
			</maml:description>
			<command:parameterValue required="false" variableLength="false">Boolean</command:parameterValue>
			<dev:type>
				<maml:name>Boolean</maml:name>
				<maml:uri/>
			</dev:type>
			<dev:defaultValue></dev:defaultValue>
		</command:parameter>
		<command:parameter required="false" variableLength="false" globbing="false" pipelineInput="true (ByValue, ByPropertyName)" position="1">
			<maml:name>Target</maml:name>
			<maml:description>
				<maml:para></maml:para>
			</maml:description>
			<command:parameterValue required="true" variableLength="false">String</command:parameterValue>
			<dev:type>
				<maml:name>String</maml:name>
				<maml:uri/>
			</dev:type>
			<dev:defaultValue></dev:defaultValue>
		</command:parameter>
		<command:parameter required="false" variableLength="false" globbing="false" pipelineInput="false" position="named">
			<maml:name>Credential</maml:name>
			<maml:description>
				<maml:para></maml:para>
			</maml:description>
			<command:parameterValue required="true" variableLength="false">ICredentials</command:parameterValue>
			<dev:type>
				<maml:name>ICredentials</maml:name>
				<maml:uri/>
			</dev:type>
			<dev:defaultValue></dev:defaultValue>
		</command:parameter>
	</command:parameters>
	<command:inputTypes>
		<command:inputType>
			<dev:type>
				<maml:name></maml:name>
				<maml:uri/>
				<maml:description>
					<maml:para></maml:para>
				</maml:description>
			</dev:type>
			<maml:description></maml:description>
		</command:inputType>
	</command:inputTypes>
	<command:returnValues>
		<command:returnValue>
			<dev:type>
				<maml:name></maml:name>
				<maml:uri />
				<maml:description>
					<maml:para></maml:para>
				</maml:description>
			</dev:type>
			<maml:description></maml:description>
		</command:returnValue>
	</command:returnValues>
	<command:terminatingErrors>
	</command:terminatingErrors>
	<command:nonTerminatingErrors>
	</command:nonTerminatingErrors>
	<maml:alertSet>
		<maml:title></maml:title>
		<maml:alert>
			<maml:para></maml:para>
		</maml:alert>
	</maml:alertSet>
	<command:examples>
	</command:examples>
	<maml:relatedLinks>
	</maml:relatedLinks>
</command:command>
<command:command xmlns:maml="http://schemas.microsoft.com/maml/2004/10" xmlns:command="http://schemas.microsoft.com/maml/dev/command/2004/10" xmlns:dev="http://schemas.microsoft.com/maml/dev/2004/10">
<!--Generated by Help Cmdlet Editor-->
	<command:details>
		<command:name>Get-SvnInfo</command:name>
		<maml:description>
			<maml:para>Display information about a local or remote item.</maml:para>
		</maml:description>
		<maml:copyright>
           <maml:para />
		<!--Add copy right info here.-->
		</maml:copyright>
		<command:verb>Get</command:verb>
		<command:noun>SvnInfo</command:noun>
		<!--Add Dev version info here.-->
		<dev:version />
	</command:details>
	<maml:description>
	<!--This is the Description section-->
		<maml:para>Print information about each TARGET (default: '.') TARGET may be either a working-copy path or URL.  If specified, -Revision determines in which revision the target is first looked up.</maml:para>
	</maml:description>
	<command:syntax>		<command:syntaxItem>
			<maml:name>Get-SvnInfo</maml:name>
			<command:parameter required = "false" variableLength = "false" globbing = "false" pipelineInput = "false" position = "named" >
				<maml:name>Depth</maml:name>
				<maml:description>
					<maml:para></maml:para>
				</maml:description>
			<command:parameterValue required="true" variableLength = "false" >SvnDepth</command:parameterValue>
			</command:parameter>
			<command:parameter required = "false" variableLength = "false" globbing = "false" pipelineInput = "true (ByValue, ByPropertyName)" position = "1" >
				<maml:name>Target</maml:name>
				<maml:description>
					<maml:para></maml:para>
				</maml:description>
			<command:parameterValue required="true" variableLength = "false" >String</command:parameterValue>
			</command:parameter>
			<command:parameter required = "false" variableLength = "false" globbing = "false" pipelineInput = "false" position = "named" >
				<maml:name>Credential</maml:name>
				<maml:description>
					<maml:para></maml:para>
				</maml:description>
			<command:parameterValue required="true" variableLength = "false" >ICredentials</command:parameterValue>
			</command:parameter>
		</command:syntaxItem>
	</command:syntax>
	<command:parameters>
		<command:parameter required="false" variableLength="false" globbing="false" pipelineInput="false" position="named">
			<maml:name>Depth</maml:name>
			<maml:description>
				<maml:para></maml:para>
			</maml:description>
			<command:parameterValue required="true" variableLength="false">SvnDepth</command:parameterValue>
			<dev:type>
				<maml:name>SvnDepth</maml:name>
				<maml:uri/>
			</dev:type>
			<dev:defaultValue></dev:defaultValue>
		</command:parameter>
		<command:parameter required="false" variableLength="false" globbing="false" pipelineInput="true (ByValue, ByPropertyName)" position="1">
			<maml:name>Target</maml:name>
			<maml:description>
				<maml:para></maml:para>
			</maml:description>
			<command:parameterValue required="true" variableLength="false">String</command:parameterValue>
			<dev:type>
				<maml:name>String</maml:name>
				<maml:uri/>
			</dev:type>
			<dev:defaultValue></dev:defaultValue>
		</command:parameter>
		<command:parameter required="false" variableLength="false" globbing="false" pipelineInput="false" position="named">
			<maml:name>Credential</maml:name>
			<maml:description>
				<maml:para></maml:para>
			</maml:description>
			<command:parameterValue required="true" variableLength="false">ICredentials</command:parameterValue>
			<dev:type>
				<maml:name>ICredentials</maml:name>
				<maml:uri/>
			</dev:type>
			<dev:defaultValue></dev:defaultValue>
		</command:parameter>
	</command:parameters>
	<command:inputTypes>
		<command:inputType>
			<dev:type>
				<maml:name>FileSystemInfo, String</maml:name>
				<maml:uri/>
				<maml:description>
					<maml:para></maml:para>
				</maml:description>
			</dev:type>
			<maml:description></maml:description>
		</command:inputType>
	</command:inputTypes>
	<command:returnValues>
		<command:returnValue>
			<dev:type>
				<maml:name></maml:name>
				<maml:uri />
				<maml:description>
					<maml:para></maml:para>
				</maml:description>
			</dev:type>
			<maml:description></maml:description>
		</command:returnValue>
	</command:returnValues>
	<command:terminatingErrors>
	</command:terminatingErrors>
	<command:nonTerminatingErrors>
	</command:nonTerminatingErrors>
	<maml:alertSet>
		<maml:title></maml:title>
		<maml:alert>
			<maml:para></maml:para>
		</maml:alert>
	</maml:alertSet>
	<command:examples>
	</command:examples>
	<maml:relatedLinks>
	</maml:relatedLinks>
</command:command>
<command:command xmlns:maml="http://schemas.microsoft.com/maml/2004/10" xmlns:command="http://schemas.microsoft.com/maml/dev/command/2004/10" xmlns:dev="http://schemas.microsoft.com/maml/dev/2004/10">
<!--Generated by Help Cmdlet Editor-->
	<command:details>
		<command:name>Get-SvnLog</command:name>
		<maml:description>
			<maml:para>Show the log messages for a set of revision(s) and/or file(s).</maml:para>
		</maml:description>
		<maml:copyright>
           <maml:para />
		<!--Add copy right info here.-->
		</maml:copyright>
		<command:verb>Get</command:verb>
		<command:noun>SvnLog</command:noun>
		<!--Add Dev version info here.-->
		<dev:version />
	</command:details>
	<maml:description>
	<!--This is the Description section-->
		<maml:para></maml:para>
	</maml:description>
	<command:syntax>		<command:syntaxItem>
			<maml:name>Get-SvnLog</maml:name>
			<command:parameter required = "false" variableLength = "false" globbing = "false" pipelineInput = "false" position = "named" >
				<maml:name>Start</maml:name>
				<maml:description>
					<maml:para>The start revision for log</maml:para>
				</maml:description>
			<command:parameterValue required="true" variableLength = "false" >SvnRevision</command:parameterValue>
			</command:parameter>
			<command:parameter required = "false" variableLength = "false" globbing = "false" pipelineInput = "false" position = "named" >
				<maml:name>End</maml:name>
				<maml:description>
					<maml:para></maml:para>
				</maml:description>
			<command:parameterValue required="true" variableLength = "false" >SvnRevision</command:parameterValue>
			</command:parameter>
			<command:parameter required = "false" variableLength = "false" globbing = "false" pipelineInput = "false" position = "named" >
				<maml:name>Limit</maml:name>
				<maml:description>
					<maml:para>The maximum number if items to return</maml:para>
				</maml:description>
			<command:parameterValue required="true" variableLength = "false" >Int32</command:parameterValue>
			</command:parameter>
			<command:parameter required = "false" variableLength = "false" globbing = "false" pipelineInput = "true (ByValue, ByPropertyName)" position = "1" >
				<maml:name>Target</maml:name>
				<maml:description>
					<maml:para>The target to log</maml:para>
				</maml:description>
			<command:parameterValue required="true" variableLength = "false" >String</command:parameterValue>
			</command:parameter>
			<command:parameter required = "false" variableLength = "false" globbing = "false" pipelineInput = "false" position = "named" >
				<maml:name>Credential</maml:name>
				<maml:description>
					<maml:para></maml:para>
				</maml:description>
			<command:parameterValue required="true" variableLength = "false" >ICredentials</command:parameterValue>
			</command:parameter>
		</command:syntaxItem>
	</command:syntax>
	<command:parameters>
		<command:parameter required="false" variableLength="false" globbing="false" pipelineInput="false" position="named">
			<maml:name>Start</maml:name>
			<maml:description>
				<maml:para>The start revision for log</maml:para>
			</maml:description>
			<command:parameterValue required="true" variableLength="false">SvnRevision</command:parameterValue>
			<dev:type>
				<maml:name>SvnRevision</maml:name>
				<maml:uri/>
			</dev:type>
			<dev:defaultValue></dev:defaultValue>
		</command:parameter>
		<command:parameter required="false" variableLength="false" globbing="false" pipelineInput="false" position="named">
			<maml:name>End</maml:name>
			<maml:description>
				<maml:para></maml:para>
			</maml:description>
			<command:parameterValue required="true" variableLength="false">SvnRevision</command:parameterValue>
			<dev:type>
				<maml:name>SvnRevision</maml:name>
				<maml:uri/>
			</dev:type>
			<dev:defaultValue></dev:defaultValue>
		</command:parameter>
		<command:parameter required="false" variableLength="false" globbing="false" pipelineInput="false" position="named">
			<maml:name>Limit</maml:name>
			<maml:description>
				<maml:para>The maximum number if items to return</maml:para>
			</maml:description>
			<command:parameterValue required="true" variableLength="false">Int32</command:parameterValue>
			<dev:type>
				<maml:name>Int32</maml:name>
				<maml:uri/>
			</dev:type>
			<dev:defaultValue></dev:defaultValue>
		</command:parameter>
		<command:parameter required="false" variableLength="false" globbing="false" pipelineInput="true (ByValue, ByPropertyName)" position="1">
			<maml:name>Target</maml:name>
			<maml:description>
				<maml:para>The target to log</maml:para>
			</maml:description>
			<command:parameterValue required="true" variableLength="false">String</command:parameterValue>
			<dev:type>
				<maml:name>String</maml:name>
				<maml:uri/>
			</dev:type>
			<dev:defaultValue></dev:defaultValue>
		</command:parameter>
		<command:parameter required="false" variableLength="false" globbing="false" pipelineInput="false" position="named">
			<maml:name>Credential</maml:name>
			<maml:description>
				<maml:para></maml:para>
			</maml:description>
			<command:parameterValue required="true" variableLength="false">ICredentials</command:parameterValue>
			<dev:type>
				<maml:name>ICredentials</maml:name>
				<maml:uri/>
			</dev:type>
			<dev:defaultValue></dev:defaultValue>
		</command:parameter>
	</command:parameters>
	<command:inputTypes>
		<command:inputType>
			<dev:type>
				<maml:name></maml:name>
				<maml:uri/>
				<maml:description>
					<maml:para></maml:para>
				</maml:description>
			</dev:type>
			<maml:description></maml:description>
		</command:inputType>
	</command:inputTypes>
	<command:returnValues>
		<command:returnValue>
			<dev:type>
				<maml:name>SvnLogEventArgs</maml:name>
				<maml:uri />
				<maml:description>
					<maml:para></maml:para>
				</maml:description>
			</dev:type>
			<maml:description></maml:description>
		</command:returnValue>
	</command:returnValues>
	<command:terminatingErrors>
	</command:terminatingErrors>
	<command:nonTerminatingErrors>
	</command:nonTerminatingErrors>
	<maml:alertSet>
		<maml:title></maml:title>
		<maml:alert>
			<maml:para></maml:para>
		</maml:alert>
	</maml:alertSet>
	<command:examples>
	</command:examples>
	<maml:relatedLinks>
	</maml:relatedLinks>
</command:command>
<command:command xmlns:maml="http://schemas.microsoft.com/maml/2004/10" xmlns:command="http://schemas.microsoft.com/maml/dev/command/2004/10" xmlns:dev="http://schemas.microsoft.com/maml/dev/2004/10">
<!--Generated by Help Cmdlet Editor-->
	<command:details>
		<command:name>SvnAdd-Items</command:name>
		<maml:description>
			<maml:para></maml:para>
		</maml:description>
		<maml:copyright>
           <maml:para />
		<!--Add copy right info here.-->
		</maml:copyright>
		<command:verb>SvnAdd</command:verb>
		<command:noun>Items</command:noun>
		<!--Add Dev version info here.-->
		<dev:version />
	</command:details>
	<maml:description>
	<!--This is the Description section-->
		<maml:para></maml:para>
	</maml:description>
	<command:syntax>		<command:syntaxItem>
			<maml:name>SvnAdd-Items</maml:name>
			<command:parameter required = "false" variableLength = "false" globbing = "false" pipelineInput = "false" position = "named" >
				<maml:name>AddParents</maml:name>
				<maml:description>
					<maml:para></maml:para>
				</maml:description>
			<command:parameterValue required="false" variableLength = "false" >Boolean</command:parameterValue>
			</command:parameter>
			<command:parameter required = "false" variableLength = "false" globbing = "false" pipelineInput = "false" position = "named" >
				<maml:name>Depth</maml:name>
				<maml:description>
					<maml:para></maml:para>
				</maml:description>
			<command:parameterValue required="true" variableLength = "false" >SvnDepth</command:parameterValue>
			</command:parameter>
			<command:parameter required = "false" variableLength = "false" globbing = "false" pipelineInput = "false" position = "named" >
				<maml:name>Force</maml:name>
				<maml:description>
					<maml:para></maml:para>
				</maml:description>
			<command:parameterValue required="false" variableLength = "false" >Boolean</command:parameterValue>
			</command:parameter>
			<command:parameter required = "false" variableLength = "false" globbing = "false" pipelineInput = "false" position = "named" >
				<maml:name>NoIgnore</maml:name>
				<maml:description>
					<maml:para></maml:para>
				</maml:description>
			<command:parameterValue required="false" variableLength = "false" >Boolean</command:parameterValue>
			</command:parameter>
			<command:parameter required = "false" variableLength = "true" globbing = "false" pipelineInput = "true (ByValue, ByPropertyName)" position = "1" >
				<maml:name>Targets</maml:name>
				<maml:description>
					<maml:para></maml:para>
				</maml:description>
			<command:parameterValue required="true" variableLength = "true" >String[]</command:parameterValue>
			</command:parameter>
			<command:parameter required = "false" variableLength = "false" globbing = "false" pipelineInput = "false" position = "named" >
				<maml:name>Credential</maml:name>
				<maml:description>
					<maml:para></maml:para>
				</maml:description>
			<command:parameterValue required="true" variableLength = "false" >ICredentials</command:parameterValue>
			</command:parameter>
		</command:syntaxItem>
	</command:syntax>
	<command:parameters>
		<command:parameter required="false" variableLength="false" globbing="false" pipelineInput="false" position="named">
			<maml:name>AddParents</maml:name>
			<maml:description>
				<maml:para></maml:para>
			</maml:description>
			<command:parameterValue required="false" variableLength="false">Boolean</command:parameterValue>
			<dev:type>
				<maml:name>Boolean</maml:name>
				<maml:uri/>
			</dev:type>
			<dev:defaultValue></dev:defaultValue>
		</command:parameter>
		<command:parameter required="false" variableLength="false" globbing="false" pipelineInput="false" position="named">
			<maml:name>Depth</maml:name>
			<maml:description>
				<maml:para></maml:para>
			</maml:description>
			<command:parameterValue required="true" variableLength="false">SvnDepth</command:parameterValue>
			<dev:type>
				<maml:name>SvnDepth</maml:name>
				<maml:uri/>
			</dev:type>
			<dev:defaultValue></dev:defaultValue>
		</command:parameter>
		<command:parameter required="false" variableLength="false" globbing="false" pipelineInput="false" position="named">
			<maml:name>Force</maml:name>
			<maml:description>
				<maml:para></maml:para>
			</maml:description>
			<command:parameterValue required="false" variableLength="false">Boolean</command:parameterValue>
			<dev:type>
				<maml:name>Boolean</maml:name>
				<maml:uri/>
			</dev:type>
			<dev:defaultValue></dev:defaultValue>
		</command:parameter>
		<command:parameter required="false" variableLength="false" globbing="false" pipelineInput="false" position="named">
			<maml:name>NoIgnore</maml:name>
			<maml:description>
				<maml:para></maml:para>
			</maml:description>
			<command:parameterValue required="false" variableLength="false">Boolean</command:parameterValue>
			<dev:type>
				<maml:name>Boolean</maml:name>
				<maml:uri/>
			</dev:type>
			<dev:defaultValue></dev:defaultValue>
		</command:parameter>
		<command:parameter required="false" variableLength="true" globbing="false" pipelineInput="true (ByValue, ByPropertyName)" position="1">
			<maml:name>Targets</maml:name>
			<maml:description>
				<maml:para></maml:para>
			</maml:description>
			<command:parameterValue required="true" variableLength="true">String[]</command:parameterValue>
			<dev:type>
				<maml:name>String[]</maml:name>
				<maml:uri/>
			</dev:type>
			<dev:defaultValue></dev:defaultValue>
		</command:parameter>
		<command:parameter required="false" variableLength="false" globbing="false" pipelineInput="false" position="named">
			<maml:name>Credential</maml:name>
			<maml:description>
				<maml:para></maml:para>
			</maml:description>
			<command:parameterValue required="true" variableLength="false">ICredentials</command:parameterValue>
			<dev:type>
				<maml:name>ICredentials</maml:name>
				<maml:uri/>
			</dev:type>
			<dev:defaultValue></dev:defaultValue>
		</command:parameter>
	</command:parameters>
	<command:inputTypes>
		<command:inputType>
			<dev:type>
				<maml:name></maml:name>
				<maml:uri/>
				<maml:description>
					<maml:para></maml:para>
				</maml:description>
			</dev:type>
			<maml:description></maml:description>
		</command:inputType>
	</command:inputTypes>
	<command:returnValues>
		<command:returnValue>
			<dev:type>
				<maml:name></maml:name>
				<maml:uri />
				<maml:description>
					<maml:para></maml:para>
				</maml:description>
			</dev:type>
			<maml:description></maml:description>
		</command:returnValue>
	</command:returnValues>
	<command:terminatingErrors>
	</command:terminatingErrors>
	<command:nonTerminatingErrors>
	</command:nonTerminatingErrors>
	<maml:alertSet>
		<maml:title></maml:title>
		<maml:alert>
			<maml:para></maml:para>
		</maml:alert>
	</maml:alertSet>
	<command:examples>
	</command:examples>
	<maml:relatedLinks>
	</maml:relatedLinks>
</command:command>
<command:command xmlns:maml="http://schemas.microsoft.com/maml/2004/10" xmlns:command="http://schemas.microsoft.com/maml/dev/command/2004/10" xmlns:dev="http://schemas.microsoft.com/maml/dev/2004/10">
<!--Generated by Help Cmdlet Editor-->
	<command:details>
		<command:name>SvnCleanup-Item</command:name>
		<maml:description>
			<maml:para></maml:para>
		</maml:description>
		<maml:copyright>
           <maml:para />
		<!--Add copy right info here.-->
		</maml:copyright>
		<command:verb>SvnCleanup</command:verb>
		<command:noun>Item</command:noun>
		<!--Add Dev version info here.-->
		<dev:version />
	</command:details>
	<maml:description>
	<!--This is the Description section-->
		<maml:para></maml:para>
	</maml:description>
	<command:syntax>		<command:syntaxItem>
			<maml:name>SvnCleanup-Item</maml:name>
			<command:parameter required = "false" variableLength = "false" globbing = "false" pipelineInput = "true (ByValue, ByPropertyName)" position = "1" >
				<maml:name>Target</maml:name>
				<maml:description>
					<maml:para></maml:para>
				</maml:description>
			<command:parameterValue required="true" variableLength = "false" >String</command:parameterValue>
			</command:parameter>
			<command:parameter required = "false" variableLength = "false" globbing = "false" pipelineInput = "false" position = "named" >
				<maml:name>Credential</maml:name>
				<maml:description>
					<maml:para></maml:para>
				</maml:description>
			<command:parameterValue required="true" variableLength = "false" >ICredentials</command:parameterValue>
			</command:parameter>
		</command:syntaxItem>
	</command:syntax>
	<command:parameters>
		<command:parameter required="false" variableLength="false" globbing="false" pipelineInput="true (ByValue, ByPropertyName)" position="1">
			<maml:name>Target</maml:name>
			<maml:description>
				<maml:para></maml:para>
			</maml:description>
			<command:parameterValue required="true" variableLength="false">String</command:parameterValue>
			<dev:type>
				<maml:name>String</maml:name>
				<maml:uri/>
			</dev:type>
			<dev:defaultValue></dev:defaultValue>
		</command:parameter>
		<command:parameter required="false" variableLength="false" globbing="false" pipelineInput="false" position="named">
			<maml:name>Credential</maml:name>
			<maml:description>
				<maml:para></maml:para>
			</maml:description>
			<command:parameterValue required="true" variableLength="false">ICredentials</command:parameterValue>
			<dev:type>
				<maml:name>ICredentials</maml:name>
				<maml:uri/>
			</dev:type>
			<dev:defaultValue></dev:defaultValue>
		</command:parameter>
	</command:parameters>
	<command:inputTypes>
		<command:inputType>
			<dev:type>
				<maml:name></maml:name>
				<maml:uri/>
				<maml:description>
					<maml:para></maml:para>
				</maml:description>
			</dev:type>
			<maml:description></maml:description>
		</command:inputType>
	</command:inputTypes>
	<command:returnValues>
		<command:returnValue>
			<dev:type>
				<maml:name></maml:name>
				<maml:uri />
				<maml:description>
					<maml:para></maml:para>
				</maml:description>
			</dev:type>
			<maml:description></maml:description>
		</command:returnValue>
	</command:returnValues>
	<command:terminatingErrors>
	</command:terminatingErrors>
	<command:nonTerminatingErrors>
	</command:nonTerminatingErrors>
	<maml:alertSet>
		<maml:title></maml:title>
		<maml:alert>
			<maml:para></maml:para>
		</maml:alert>
	</maml:alertSet>
	<command:examples>
	</command:examples>
	<maml:relatedLinks>
	</maml:relatedLinks>
</command:command>
<command:command xmlns:maml="http://schemas.microsoft.com/maml/2004/10" xmlns:command="http://schemas.microsoft.com/maml/dev/command/2004/10" xmlns:dev="http://schemas.microsoft.com/maml/dev/2004/10">
<!--Generated by Help Cmdlet Editor-->
	<command:details>
		<command:name>SvnCommit-Items</command:name>
		<maml:description>
			<maml:para></maml:para>
		</maml:description>
		<maml:copyright>
           <maml:para />
		<!--Add copy right info here.-->
		</maml:copyright>
		<command:verb>SvnCommit</command:verb>
		<command:noun>Items</command:noun>
		<!--Add Dev version info here.-->
		<dev:version />
	</command:details>
	<maml:description>
	<!--This is the Description section-->
		<maml:para></maml:para>
	</maml:description>
	<command:syntax>		<command:syntaxItem>
			<maml:name>SvnCommit-Items</maml:name>
			<command:parameter required = "false" variableLength = "false" globbing = "false" pipelineInput = "false" position = "named" >
				<maml:name>Depth</maml:name>
				<maml:description>
					<maml:para></maml:para>
				</maml:description>
			<command:parameterValue required="true" variableLength = "false" >SvnDepth</command:parameterValue>
			</command:parameter>
			<command:parameter required = "false" variableLength = "false" globbing = "false" pipelineInput = "false" position = "named" >
				<maml:name>KeepChangeList</maml:name>
				<maml:description>
					<maml:para></maml:para>
				</maml:description>
			<command:parameterValue required="false" variableLength = "false" >Boolean</command:parameterValue>
			</command:parameter>
			<command:parameter required = "false" variableLength = "false" globbing = "false" pipelineInput = "false" position = "named" >
				<maml:name>KeepLocks</maml:name>
				<maml:description>
					<maml:para></maml:para>
				</maml:description>
			<command:parameterValue required="false" variableLength = "false" >Boolean</command:parameterValue>
			</command:parameter>
			<command:parameter required = "true" variableLength = "false" globbing = "false" pipelineInput = "false" position = "named" >
				<maml:name>LogMessage</maml:name>
				<maml:description>
					<maml:para></maml:para>
				</maml:description>
			<command:parameterValue required="true" variableLength = "false" >String</command:parameterValue>
			</command:parameter>
			<command:parameter required = "false" variableLength = "true" globbing = "false" pipelineInput = "true (ByValue, ByPropertyName)" position = "1" >
				<maml:name>Targets</maml:name>
				<maml:description>
					<maml:para></maml:para>
				</maml:description>
			<command:parameterValue required="true" variableLength = "true" >String[]</command:parameterValue>
			</command:parameter>
			<command:parameter required = "false" variableLength = "false" globbing = "false" pipelineInput = "false" position = "named" >
				<maml:name>Credential</maml:name>
				<maml:description>
					<maml:para></maml:para>
				</maml:description>
			<command:parameterValue required="true" variableLength = "false" >ICredentials</command:parameterValue>
			</command:parameter>
		</command:syntaxItem>
	</command:syntax>
	<command:parameters>
		<command:parameter required="false" variableLength="false" globbing="false" pipelineInput="false" position="named">
			<maml:name>Depth</maml:name>
			<maml:description>
				<maml:para></maml:para>
			</maml:description>
			<command:parameterValue required="true" variableLength="false">SvnDepth</command:parameterValue>
			<dev:type>
				<maml:name>SvnDepth</maml:name>
				<maml:uri/>
			</dev:type>
			<dev:defaultValue></dev:defaultValue>
		</command:parameter>
		<command:parameter required="false" variableLength="false" globbing="false" pipelineInput="false" position="named">
			<maml:name>KeepChangeList</maml:name>
			<maml:description>
				<maml:para></maml:para>
			</maml:description>
			<command:parameterValue required="false" variableLength="false">Boolean</command:parameterValue>
			<dev:type>
				<maml:name>Boolean</maml:name>
				<maml:uri/>
			</dev:type>
			<dev:defaultValue></dev:defaultValue>
		</command:parameter>
		<command:parameter required="false" variableLength="false" globbing="false" pipelineInput="false" position="named">
			<maml:name>KeepLocks</maml:name>
			<maml:description>
				<maml:para></maml:para>
			</maml:description>
			<command:parameterValue required="false" variableLength="false">Boolean</command:parameterValue>
			<dev:type>
				<maml:name>Boolean</maml:name>
				<maml:uri/>
			</dev:type>
			<dev:defaultValue></dev:defaultValue>
		</command:parameter>
		<command:parameter required="true" variableLength="false" globbing="false" pipelineInput="false" position="named">
			<maml:name>LogMessage</maml:name>
			<maml:description>
				<maml:para></maml:para>
			</maml:description>
			<command:parameterValue required="true" variableLength="false">String</command:parameterValue>
			<dev:type>
				<maml:name>String</maml:name>
				<maml:uri/>
			</dev:type>
			<dev:defaultValue></dev:defaultValue>
		</command:parameter>
		<command:parameter required="false" variableLength="true" globbing="false" pipelineInput="true (ByValue, ByPropertyName)" position="1">
			<maml:name>Targets</maml:name>
			<maml:description>
				<maml:para></maml:para>
			</maml:description>
			<command:parameterValue required="true" variableLength="true">String[]</command:parameterValue>
			<dev:type>
				<maml:name>String[]</maml:name>
				<maml:uri/>
			</dev:type>
			<dev:defaultValue></dev:defaultValue>
		</command:parameter>
		<command:parameter required="false" variableLength="false" globbing="false" pipelineInput="false" position="named">
			<maml:name>Credential</maml:name>
			<maml:description>
				<maml:para></maml:para>
			</maml:description>
			<command:parameterValue required="true" variableLength="false">ICredentials</command:parameterValue>
			<dev:type>
				<maml:name>ICredentials</maml:name>
				<maml:uri/>
			</dev:type>
			<dev:defaultValue></dev:defaultValue>
		</command:parameter>
	</command:parameters>
	<command:inputTypes>
		<command:inputType>
			<dev:type>
				<maml:name></maml:name>
				<maml:uri/>
				<maml:description>
					<maml:para></maml:para>
				</maml:description>
			</dev:type>
			<maml:description></maml:description>
		</command:inputType>
	</command:inputTypes>
	<command:returnValues>
		<command:returnValue>
			<dev:type>
				<maml:name></maml:name>
				<maml:uri />
				<maml:description>
					<maml:para></maml:para>
				</maml:description>
			</dev:type>
			<maml:description></maml:description>
		</command:returnValue>
	</command:returnValues>
	<command:terminatingErrors>
	</command:terminatingErrors>
	<command:nonTerminatingErrors>
	</command:nonTerminatingErrors>
	<maml:alertSet>
		<maml:title></maml:title>
		<maml:alert>
			<maml:para></maml:para>
		</maml:alert>
	</maml:alertSet>
	<command:examples>
	</command:examples>
	<maml:relatedLinks>
	</maml:relatedLinks>
</command:command>
<command:command xmlns:maml="http://schemas.microsoft.com/maml/2004/10" xmlns:command="http://schemas.microsoft.com/maml/dev/command/2004/10" xmlns:dev="http://schemas.microsoft.com/maml/dev/2004/10">
<!--Generated by Help Cmdlet Editor-->
	<command:details>
		<command:name>SvnUpdate-Items</command:name>
		<maml:description>
			<maml:para></maml:para>
		</maml:description>
		<maml:copyright>
           <maml:para />
		<!--Add copy right info here.-->
		</maml:copyright>
		<command:verb>SvnUpdate</command:verb>
		<command:noun>Items</command:noun>
		<!--Add Dev version info here.-->
		<dev:version />
	</command:details>
	<maml:description>
	<!--This is the Description section-->
		<maml:para></maml:para>
	</maml:description>
	<command:syntax>		<command:syntaxItem>
			<maml:name>SvnUpdate-Items</maml:name>
			<command:parameter required = "false" variableLength = "false" globbing = "false" pipelineInput = "false" position = "named" >
				<maml:name>Depth</maml:name>
				<maml:description>
					<maml:para></maml:para>
				</maml:description>
			<command:parameterValue required="true" variableLength = "false" >SvnDepth</command:parameterValue>
			</command:parameter>
			<command:parameter required = "false" variableLength = "false" globbing = "false" pipelineInput = "false" position = "named" >
				<maml:name>IgnoreExternals</maml:name>
				<maml:description>
					<maml:para></maml:para>
				</maml:description>
			<command:parameterValue required="false" variableLength = "false" >Boolean</command:parameterValue>
			</command:parameter>
			<command:parameter required = "false" variableLength = "false" globbing = "false" pipelineInput = "false" position = "named" >
				<maml:name>AllowObstructions</maml:name>
				<maml:description>
					<maml:para></maml:para>
				</maml:description>
			<command:parameterValue required="false" variableLength = "false" >Boolean</command:parameterValue>
			</command:parameter>
			<command:parameter required = "false" variableLength = "false" globbing = "false" pipelineInput = "false" position = "named" >
				<maml:name>KeepDepth</maml:name>
				<maml:description>
					<maml:para></maml:para>
				</maml:description>
			<command:parameterValue required="false" variableLength = "false" >Boolean</command:parameterValue>
			</command:parameter>
			<command:parameter required = "false" variableLength = "false" globbing = "false" pipelineInput = "false" position = "named" >
				<maml:name>Revision</maml:name>
				<maml:description>
					<maml:para></maml:para>
				</maml:description>
			<command:parameterValue required="true" variableLength = "false" >SvnRevision</command:parameterValue>
			</command:parameter>
			<command:parameter required = "false" variableLength = "true" globbing = "false" pipelineInput = "true (ByValue, ByPropertyName)" position = "1" >
				<maml:name>Targets</maml:name>
				<maml:description>
					<maml:para></maml:para>
				</maml:description>
			<command:parameterValue required="true" variableLength = "true" >String[]</command:parameterValue>
			</command:parameter>
			<command:parameter required = "false" variableLength = "false" globbing = "false" pipelineInput = "false" position = "named" >
				<maml:name>Credential</maml:name>
				<maml:description>
					<maml:para></maml:para>
				</maml:description>
			<command:parameterValue required="true" variableLength = "false" >ICredentials</command:parameterValue>
			</command:parameter>
		</command:syntaxItem>
	</command:syntax>
	<command:parameters>
		<command:parameter required="false" variableLength="false" globbing="false" pipelineInput="false" position="named">
			<maml:name>Depth</maml:name>
			<maml:description>
				<maml:para></maml:para>
			</maml:description>
			<command:parameterValue required="true" variableLength="false">SvnDepth</command:parameterValue>
			<dev:type>
				<maml:name>SvnDepth</maml:name>
				<maml:uri/>
			</dev:type>
			<dev:defaultValue></dev:defaultValue>
		</command:parameter>
		<command:parameter required="false" variableLength="false" globbing="false" pipelineInput="false" position="named">
			<maml:name>IgnoreExternals</maml:name>
			<maml:description>
				<maml:para></maml:para>
			</maml:description>
			<command:parameterValue required="false" variableLength="false">Boolean</command:parameterValue>
			<dev:type>
				<maml:name>Boolean</maml:name>
				<maml:uri/>
			</dev:type>
			<dev:defaultValue></dev:defaultValue>
		</command:parameter>
		<command:parameter required="false" variableLength="false" globbing="false" pipelineInput="false" position="named">
			<maml:name>AllowObstructions</maml:name>
			<maml:description>
				<maml:para></maml:para>
			</maml:description>
			<command:parameterValue required="false" variableLength="false">Boolean</command:parameterValue>
			<dev:type>
				<maml:name>Boolean</maml:name>
				<maml:uri/>
			</dev:type>
			<dev:defaultValue></dev:defaultValue>
		</command:parameter>
		<command:parameter required="false" variableLength="false" globbing="false" pipelineInput="false" position="named">
			<maml:name>KeepDepth</maml:name>
			<maml:description>
				<maml:para></maml:para>
			</maml:description>
			<command:parameterValue required="false" variableLength="false">Boolean</command:parameterValue>
			<dev:type>
				<maml:name>Boolean</maml:name>
				<maml:uri/>
			</dev:type>
			<dev:defaultValue></dev:defaultValue>
		</command:parameter>
		<command:parameter required="false" variableLength="false" globbing="false" pipelineInput="false" position="named">
			<maml:name>Revision</maml:name>
			<maml:description>
				<maml:para></maml:para>
			</maml:description>
			<command:parameterValue required="true" variableLength="false">SvnRevision</command:parameterValue>
			<dev:type>
				<maml:name>SvnRevision</maml:name>
				<maml:uri/>
			</dev:type>
			<dev:defaultValue></dev:defaultValue>
		</command:parameter>
		<command:parameter required="false" variableLength="true" globbing="false" pipelineInput="true (ByValue, ByPropertyName)" position="1">
			<maml:name>Targets</maml:name>
			<maml:description>
				<maml:para></maml:para>
			</maml:description>
			<command:parameterValue required="true" variableLength="true">String[]</command:parameterValue>
			<dev:type>
				<maml:name>String[]</maml:name>
				<maml:uri/>
			</dev:type>
			<dev:defaultValue></dev:defaultValue>
		</command:parameter>
		<command:parameter required="false" variableLength="false" globbing="false" pipelineInput="false" position="named">
			<maml:name>Credential</maml:name>
			<maml:description>
				<maml:para></maml:para>
			</maml:description>
			<command:parameterValue required="true" variableLength="false">ICredentials</command:parameterValue>
			<dev:type>
				<maml:name>ICredentials</maml:name>
				<maml:uri/>
			</dev:type>
			<dev:defaultValue></dev:defaultValue>
		</command:parameter>
	</command:parameters>
	<command:inputTypes>
		<command:inputType>
			<dev:type>
				<maml:name></maml:name>
				<maml:uri/>
				<maml:description>
					<maml:para></maml:para>
				</maml:description>
			</dev:type>
			<maml:description></maml:description>
		</command:inputType>
	</command:inputTypes>
	<command:returnValues>
		<command:returnValue>
			<dev:type>
				<maml:name></maml:name>
				<maml:uri />
				<maml:description>
					<maml:para></maml:para>
				</maml:description>
			</dev:type>
			<maml:description></maml:description>
		</command:returnValue>
	</command:returnValues>
	<command:terminatingErrors>
	</command:terminatingErrors>
	<command:nonTerminatingErrors>
	</command:nonTerminatingErrors>
	<maml:alertSet>
		<maml:title></maml:title>
		<maml:alert>
			<maml:para></maml:para>
		</maml:alert>
	</maml:alertSet>
	<command:examples>
	</command:examples>
	<maml:relatedLinks>
	</maml:relatedLinks>
</command:command>
</helpItems>
